Year,Month,Day,Hour,Count
2.005000000000000000e+03,2.000000000000000000e+00,1.800000000000000000e+01,1.800000000000000000e+01,4.120000000000000000e+02
2.025000000000000000e+03,2.000000000000000000e+00,1.800000000000000000e+01,1.800000000000000000e+01,2.903000000000000000e+03
2.025000000000000000e+03,2.000000000000000000e+00,1.800000000000000000e+01,1.900000000000000000e+01,5.790000000000000000e+02
