Year,Month,Day,Hour,Count
2.025000000000000000e+03,3.000000000000000000e+00,1.300000000000000000e+01,2.100000000000000000e+01,2.830000000000000000e+02
